text,label,category
"Hi,

I cannot download my purchased image. Please help resolve this issue as soon as possible.

Sincerely",Relevant,Download
"Hello,

Downloaded file is corrupted. Please help resolve this issue as soon as possible.

Regards",Relevant,Download
"Greetings,

I cannot download my purchased image. Please help resolve this issue as soon as possible.

Thanks",Relevant,Download
"Good day,

Image download is very slow. Please help resolve this issue as soon as possible.

Thanks",Relevant,Download
"Hi,

I cannot download my purchased image. Please help resolve this issue as soon as possible.

Regards",Relevant,Download
"Greetings,

Downloaded file is corrupted. Please help resolve this issue as soon as possible.

Best regards",Relevant,Download
"Greetings,

I cannot download my purchased image. Please help resolve this issue as soon as possible.

Regards",Relevant,Download
"Good day,

Image download is very slow. Please help resolve this issue as soon as possible.

Regards",Relevant,Download
"Greetings,

My download keeps failing. Please help resolve this issue as soon as possible.

Sincerely",Relevant,Download
"Hello,

I cannot download my purchased image. Please help resolve this issue as soon as possible.

Thank you",Relevant,Download
"Dear Team,

Download link expired. Please help resolve this issue as soon as possible.

Regards",Relevant,Download
"Dear Team,

Downloaded file is corrupted. Please help resolve this issue as soon as possible.

Thanks",Relevant,Download
"Good day,

I cannot download my purchased image. Please help resolve this issue as soon as possible.

Thanks",Relevant,Download
"Dear Team,

Download link expired. Please help resolve this issue as soon as possible.

Best regards",Relevant,Download
"Hi,

Download link expired. Please help resolve this issue as soon as possible.

Thank you",Relevant,Download
"Hi,

Image download is very slow. Please help resolve this issue as soon as possible.

Thank you",Relevant,Download
"Greetings,

I cannot download my purchased image. Please help resolve this issue as soon as possible.

Sincerely",Relevant,Download
"Dear Team,

Image download is very slow. Please help resolve this issue as soon as possible.

Best regards",Relevant,Download
"Hi,

Downloaded file is corrupted. Please help resolve this issue as soon as possible.

Thanks",Relevant,Download
"Dear Team,

Downloaded file is corrupted. Please help resolve this issue as soon as possible.

Thanks",Relevant,Download
"Hi,

Downloaded file is corrupted. Please help resolve this issue as soon as possible.

Thank you",Relevant,Download
"Good day,

Download link expired. Please help resolve this issue as soon as possible.

Sincerely",Relevant,Download
"Dear Team,

Downloaded file is corrupted. Please help resolve this issue as soon as possible.

Sincerely",Relevant,Download
"Dear Team,

Downloaded file is corrupted. Please help resolve this issue as soon as possible.

Thanks",Relevant,Download
"Hello,

Image download is very slow. Please help resolve this issue as soon as possible.

Best regards",Relevant,Download
"Hello,

Downloaded file is corrupted. Please help resolve this issue as soon as possible.

Thank you",Relevant,Download
"Dear Team,

My download keeps failing. Please help resolve this issue as soon as possible.

Best regards",Relevant,Download
"Dear Team,

Downloaded file is corrupted. Please help resolve this issue as soon as possible.

Thanks",Relevant,Download
"Hi,

Downloaded file is corrupted. Please help resolve this issue as soon as possible.

Sincerely",Relevant,Download
"Dear Team,

My download keeps failing. Please help resolve this issue as soon as possible.

Thanks",Relevant,Download
"Greetings,

Downloaded file is corrupted. Please help resolve this issue as soon as possible.

Sincerely",Relevant,Download
"Good day,

Downloaded file is corrupted. Please help resolve this issue as soon as possible.

Thank you",Relevant,Download
"Hello,

My download keeps failing. Please help resolve this issue as soon as possible.

Sincerely",Relevant,Download
"Hello,

Downloaded file is corrupted. Please help resolve this issue as soon as possible.

Best regards",Relevant,Download
"Dear Team,

Image download is very slow. Please help resolve this issue as soon as possible.

Best regards",Relevant,Download
"Greetings,

My download keeps failing. Please help resolve this issue as soon as possible.

Thank you",Relevant,Download
"Hello,

Download link expired. Please help resolve this issue as soon as possible.

Regards",Relevant,Download
"Good day,

Image download is very slow. Please help resolve this issue as soon as possible.

Thanks",Relevant,Download
"Hi,

I cannot download my purchased image. Please help resolve this issue as soon as possible.

Regards",Relevant,Download
"Good day,

Downloaded file is corrupted. Please help resolve this issue as soon as possible.

Best regards",Relevant,Download
"Good day,

I cannot download my purchased image. Please help resolve this issue as soon as possible.

Thank you",Relevant,Download
"Good day,

Image download is very slow. Please help resolve this issue as soon as possible.

Best regards",Relevant,Download
"Greetings,

Card declined but money deducted. Please help resolve this issue as soon as possible.

Thanks",Relevant,Payment
"Greetings,

Payment failed. Please help resolve this issue as soon as possible.

Sincerely",Relevant,Payment
"Hi,

Card declined but money deducted. Please help resolve this issue as soon as possible.

Sincerely",Relevant,Payment
"Hello,

Need payment receipt. Please help resolve this issue as soon as possible.

Thank you",Relevant,Payment
"Dear Team,

Payment failed. Please help resolve this issue as soon as possible.

Best regards",Relevant,Payment
"Greetings,

I was charged twice. Please help resolve this issue as soon as possible.

Thanks",Relevant,Payment
"Greetings,

Card declined but money deducted. Please help resolve this issue as soon as possible.

Best regards",Relevant,Payment
"Hello,

I was charged twice. Please help resolve this issue as soon as possible.

Sincerely",Relevant,Payment
"Greetings,

I was charged twice. Please help resolve this issue as soon as possible.

Best regards",Relevant,Payment
"Greetings,

Payment failed. Please help resolve this issue as soon as possible.

Sincerely",Relevant,Payment
"Hi,

Need payment receipt. Please help resolve this issue as soon as possible.

Thanks",Relevant,Payment
"Dear Team,

Card declined but money deducted. Please help resolve this issue as soon as possible.

Regards",Relevant,Payment
"Hello,

Payment failed. Please help resolve this issue as soon as possible.

Best regards",Relevant,Payment
"Hi,

Payment failed. Please help resolve this issue as soon as possible.

Thank you",Relevant,Payment
"Greetings,

Payment failed. Please help resolve this issue as soon as possible.

Regards",Relevant,Payment
"Good day,

I was charged twice. Please help resolve this issue as soon as possible.

Best regards",Relevant,Payment
"Dear Team,

I was charged twice. Please help resolve this issue as soon as possible.

Best regards",Relevant,Payment
"Good day,

Invoice missing. Please help resolve this issue as soon as possible.

Regards",Relevant,Payment
"Hello,

Invoice missing. Please help resolve this issue as soon as possible.

Sincerely",Relevant,Payment
"Dear Team,

Need payment receipt. Please help resolve this issue as soon as possible.

Thank you",Relevant,Payment
"Good day,

Invoice missing. Please help resolve this issue as soon as possible.

Thanks",Relevant,Payment
"Hello,

I was charged twice. Please help resolve this issue as soon as possible.

Thanks",Relevant,Payment
"Hi,

Card declined but money deducted. Please help resolve this issue as soon as possible.

Best regards",Relevant,Payment
"Hello,

Invoice missing. Please help resolve this issue as soon as possible.

Best regards",Relevant,Payment
"Hi,

I was charged twice. Please help resolve this issue as soon as possible.

Thanks",Relevant,Payment
"Hello,

Payment failed. Please help resolve this issue as soon as possible.

Thanks",Relevant,Payment
"Dear Team,

Payment failed. Please help resolve this issue as soon as possible.

Thanks",Relevant,Payment
"Hello,

Invoice missing. Please help resolve this issue as soon as possible.

Sincerely",Relevant,Payment
"Hello,

Need payment receipt. Please help resolve this issue as soon as possible.

Best regards",Relevant,Payment
"Greetings,

I was charged twice. Please help resolve this issue as soon as possible.

Best regards",Relevant,Payment
"Hello,

Need payment receipt. Please help resolve this issue as soon as possible.

Thank you",Relevant,Payment
"Hello,

Need payment receipt. Please help resolve this issue as soon as possible.

Thanks",Relevant,Payment
"Good day,

Payment failed. Please help resolve this issue as soon as possible.

Sincerely",Relevant,Payment
"Good day,

Need payment receipt. Please help resolve this issue as soon as possible.

Thank you",Relevant,Payment
"Hi,

Payment failed. Please help resolve this issue as soon as possible.

Thanks",Relevant,Payment
"Dear Team,

Need payment receipt. Please help resolve this issue as soon as possible.

Thanks",Relevant,Payment
"Hello,

I was charged twice. Please help resolve this issue as soon as possible.

Regards",Relevant,Payment
"Good day,

Invoice missing. Please help resolve this issue as soon as possible.

Regards",Relevant,Payment
"Hello,

Need payment receipt. Please help resolve this issue as soon as possible.

Sincerely",Relevant,Payment
"Hello,

Need payment receipt. Please help resolve this issue as soon as possible.

Thanks",Relevant,Payment
"Greetings,

Need payment receipt. Please help resolve this issue as soon as possible.

Thanks",Relevant,Payment
"Greetings,

Payment failed. Please help resolve this issue as soon as possible.

Thanks",Relevant,Payment
"Hello,

Need commercial license. Please help resolve this issue as soon as possible.

Regards",Relevant,License
"Good day,

License terms question. Please help resolve this issue as soon as possible.

Thank you",Relevant,License
"Good day,

License certificate missing. Please help resolve this issue as soon as possible.

Thanks",Relevant,License
"Good day,

License certificate missing. Please help resolve this issue as soon as possible.

Thanks",Relevant,License
"Dear Team,

License terms question. Please help resolve this issue as soon as possible.

Thank you",Relevant,License
"Good day,

Can I extend my license?. Please help resolve this issue as soon as possible.

Best regards",Relevant,License
"Hello,

License terms question. Please help resolve this issue as soon as possible.

Regards",Relevant,License
"Hello,

Can I extend my license?. Please help resolve this issue as soon as possible.

Thanks",Relevant,License
"Greetings,

Editorial license clarification. Please help resolve this issue as soon as possible.

Thanks",Relevant,License
"Hi,

Can I extend my license?. Please help resolve this issue as soon as possible.

Thanks",Relevant,License
"Good day,

Editorial license clarification. Please help resolve this issue as soon as possible.

Best regards",Relevant,License
"Hello,

Editorial license clarification. Please help resolve this issue as soon as possible.

Thanks",Relevant,License
"Hi,

Editorial license clarification. Please help resolve this issue as soon as possible.

Regards",Relevant,License
"Greetings,

Need commercial license. Please help resolve this issue as soon as possible.

Thanks",Relevant,License
"Good day,

License certificate missing. Please help resolve this issue as soon as possible.

Thanks",Relevant,License
"Hello,

Editorial license clarification. Please help resolve this issue as soon as possible.

Best regards",Relevant,License
"Hi,

Editorial license clarification. Please help resolve this issue as soon as possible.

Best regards",Relevant,License
"Good day,

Need commercial license. Please help resolve this issue as soon as possible.

Best regards",Relevant,License
"Greetings,

Editorial license clarification. Please help resolve this issue as soon as possible.

Sincerely",Relevant,License
"Hello,

Can I extend my license?. Please help resolve this issue as soon as possible.

Sincerely",Relevant,License
"Dear Team,

License certificate missing. Please help resolve this issue as soon as possible.

Thank you",Relevant,License
"Dear Team,

License certificate missing. Please help resolve this issue as soon as possible.

Thank you",Relevant,License
"Hi,

Can I extend my license?. Please help resolve this issue as soon as possible.

Thanks",Relevant,License
"Greetings,

License terms question. Please help resolve this issue as soon as possible.

Best regards",Relevant,License
"Hi,

Need commercial license. Please help resolve this issue as soon as possible.

Best regards",Relevant,License
"Greetings,

License certificate missing. Please help resolve this issue as soon as possible.

Sincerely",Relevant,License
"Dear Team,

License certificate missing. Please help resolve this issue as soon as possible.

Thanks",Relevant,License
"Dear Team,

License certificate missing. Please help resolve this issue as soon as possible.

Sincerely",Relevant,License
"Good day,

License certificate missing. Please help resolve this issue as soon as possible.

Best regards",Relevant,License
"Greetings,

Can I extend my license?. Please help resolve this issue as soon as possible.

Best regards",Relevant,License
"Greetings,

Need commercial license. Please help resolve this issue as soon as possible.

Sincerely",Relevant,License
"Hello,

Need commercial license. Please help resolve this issue as soon as possible.

Sincerely",Relevant,License
"Hi,

Need commercial license. Please help resolve this issue as soon as possible.

Best regards",Relevant,License
"Dear Team,

License certificate missing. Please help resolve this issue as soon as possible.

Sincerely",Relevant,License
"Hello,

Editorial license clarification. Please help resolve this issue as soon as possible.

Sincerely",Relevant,License
"Dear Team,

License certificate missing. Please help resolve this issue as soon as possible.

Best regards",Relevant,License
"Dear Team,

License terms question. Please help resolve this issue as soon as possible.

Thanks",Relevant,License
"Good day,

Need commercial license. Please help resolve this issue as soon as possible.

Sincerely",Relevant,License
"Hi,

Need commercial license. Please help resolve this issue as soon as possible.

Sincerely",Relevant,License
"Dear Team,

License certificate missing. Please help resolve this issue as soon as possible.

Regards",Relevant,License
"Greetings,

License terms question. Please help resolve this issue as soon as possible.

Thank you",Relevant,License
"Hi,

Editorial license clarification. Please help resolve this issue as soon as possible.

Thanks",Relevant,License
"Hello,

Image upload failed. Please help resolve this issue as soon as possible.

Best regards",Relevant,Upload
"Dear Team,

Image upload failed. Please help resolve this issue as soon as possible.

Best regards",Relevant,Upload
"Hello,

Cannot replace uploaded image. Please help resolve this issue as soon as possible.

Thank you",Relevant,Upload
"Hi,

Contributor upload stuck. Please help resolve this issue as soon as possible.

Sincerely",Relevant,Upload
"Hi,

Upload shows error 500. Please help resolve this issue as soon as possible.

Sincerely",Relevant,Upload
"Hello,

Contributor upload stuck. Please help resolve this issue as soon as possible.

Thanks",Relevant,Upload
"Greetings,

Upload shows error 500. Please help resolve this issue as soon as possible.

Thank you",Relevant,Upload
"Hello,

Cannot replace uploaded image. Please help resolve this issue as soon as possible.

Regards",Relevant,Upload
"Hello,

Contributor upload stuck. Please help resolve this issue as soon as possible.

Thank you",Relevant,Upload
"Hello,

Image upload failed. Please help resolve this issue as soon as possible.

Sincerely",Relevant,Upload
"Hello,

Bulk upload not working. Please help resolve this issue as soon as possible.

Sincerely",Relevant,Upload
"Hi,

Contributor upload stuck. Please help resolve this issue as soon as possible.

Thank you",Relevant,Upload
"Good day,

Image upload failed. Please help resolve this issue as soon as possible.

Regards",Relevant,Upload
"Good day,

Contributor upload stuck. Please help resolve this issue as soon as possible.

Sincerely",Relevant,Upload
"Hello,

Upload shows error 500. Please help resolve this issue as soon as possible.

Regards",Relevant,Upload
"Hello,

Image upload failed. Please help resolve this issue as soon as possible.

Thank you",Relevant,Upload
"Dear Team,

Upload shows error 500. Please help resolve this issue as soon as possible.

Thanks",Relevant,Upload
"Dear Team,

Upload shows error 500. Please help resolve this issue as soon as possible.

Best regards",Relevant,Upload
"Greetings,

Bulk upload not working. Please help resolve this issue as soon as possible.

Sincerely",Relevant,Upload
"Hi,

Image upload failed. Please help resolve this issue as soon as possible.

Sincerely",Relevant,Upload
"Greetings,

Contributor upload stuck. Please help resolve this issue as soon as possible.

Sincerely",Relevant,Upload
"Hi,

Image upload failed. Please help resolve this issue as soon as possible.

Best regards",Relevant,Upload
"Dear Team,

Bulk upload not working. Please help resolve this issue as soon as possible.

Sincerely",Relevant,Upload
"Greetings,

Bulk upload not working. Please help resolve this issue as soon as possible.

Best regards",Relevant,Upload
"Good day,

Image upload failed. Please help resolve this issue as soon as possible.

Best regards",Relevant,Upload
"Dear Team,

Contributor upload stuck. Please help resolve this issue as soon as possible.

Thanks",Relevant,Upload
"Hi,

Bulk upload not working. Please help resolve this issue as soon as possible.

Best regards",Relevant,Upload
"Hello,

Cannot replace uploaded image. Please help resolve this issue as soon as possible.

Sincerely",Relevant,Upload
"Hi,

Bulk upload not working. Please help resolve this issue as soon as possible.

Sincerely",Relevant,Upload
"Dear Team,

Cannot replace uploaded image. Please help resolve this issue as soon as possible.

Thanks",Relevant,Upload
"Greetings,

Upload shows error 500. Please help resolve this issue as soon as possible.

Sincerely",Relevant,Upload
"Dear Team,

Bulk upload not working. Please help resolve this issue as soon as possible.

Thank you",Relevant,Upload
"Greetings,

Upload shows error 500. Please help resolve this issue as soon as possible.

Regards",Relevant,Upload
"Good day,

Contributor upload stuck. Please help resolve this issue as soon as possible.

Thank you",Relevant,Upload
"Greetings,

Contributor upload stuck. Please help resolve this issue as soon as possible.

Best regards",Relevant,Upload
"Good day,

Upload shows error 500. Please help resolve this issue as soon as possible.

Best regards",Relevant,Upload
"Dear Team,

Image upload failed. Please help resolve this issue as soon as possible.

Sincerely",Relevant,Upload
"Good day,

Contributor upload stuck. Please help resolve this issue as soon as possible.

Best regards",Relevant,Upload
"Dear Team,

Cannot replace uploaded image. Please help resolve this issue as soon as possible.

Thank you",Relevant,Upload
"Good day,

Bulk upload not working. Please help resolve this issue as soon as possible.

Regards",Relevant,Upload
"Good day,

Cannot replace uploaded image. Please help resolve this issue as soon as possible.

Regards",Relevant,Upload
"Dear Team,

Image upload failed. Please help resolve this issue as soon as possible.

Best regards",Relevant,Upload
"Dear Team,

Need to update email. Please help resolve this issue as soon as possible.

Thanks",Relevant,Account
"Dear Team,

Password reset email missing. Please help resolve this issue as soon as possible.

Regards",Relevant,Account
"Hello,

Password reset email missing. Please help resolve this issue as soon as possible.

Thanks",Relevant,Account
"Hello,

Cannot log in. Please help resolve this issue as soon as possible.

Thank you",Relevant,Account
"Hi,

Need to update email. Please help resolve this issue as soon as possible.

Thank you",Relevant,Account
"Greetings,

Account locked. Please help resolve this issue as soon as possible.

Regards",Relevant,Account
"Good day,

Account locked. Please help resolve this issue as soon as possible.

Thank you",Relevant,Account
"Hello,

Password reset email missing. Please help resolve this issue as soon as possible.

Thanks",Relevant,Account
"Good day,

Cannot log in. Please help resolve this issue as soon as possible.

Regards",Relevant,Account
"Greetings,

Password reset email missing. Please help resolve this issue as soon as possible.

Thank you",Relevant,Account
"Greetings,

Cannot log in. Please help resolve this issue as soon as possible.

Regards",Relevant,Account
"Good day,

Cannot log in. Please help resolve this issue as soon as possible.

Regards",Relevant,Account
"Greetings,

Account locked. Please help resolve this issue as soon as possible.

Best regards",Relevant,Account
"Dear Team,

Need to update email. Please help resolve this issue as soon as possible.

Thank you",Relevant,Account
"Greetings,

Need to update email. Please help resolve this issue as soon as possible.

Thank you",Relevant,Account
"Good day,

Need to update email. Please help resolve this issue as soon as possible.

Regards",Relevant,Account
"Good day,

Account locked. Please help resolve this issue as soon as possible.

Sincerely",Relevant,Account
"Dear Team,

Password reset email missing. Please help resolve this issue as soon as possible.

Best regards",Relevant,Account
"Hello,

Account locked. Please help resolve this issue as soon as possible.

Sincerely",Relevant,Account
"Hi,

Account locked. Please help resolve this issue as soon as possible.

Sincerely",Relevant,Account
"Dear Team,

Password reset email missing. Please help resolve this issue as soon as possible.

Sincerely",Relevant,Account
"Greetings,

Two-factor login issue. Please help resolve this issue as soon as possible.

Thanks",Relevant,Account
"Hello,

Password reset email missing. Please help resolve this issue as soon as possible.

Regards",Relevant,Account
"Hello,

Account locked. Please help resolve this issue as soon as possible.

Regards",Relevant,Account
"Good day,

Cannot log in. Please help resolve this issue as soon as possible.

Thank you",Relevant,Account
"Greetings,

Two-factor login issue. Please help resolve this issue as soon as possible.

Thank you",Relevant,Account
"Hi,

Account locked. Please help resolve this issue as soon as possible.

Regards",Relevant,Account
"Good day,

Account locked. Please help resolve this issue as soon as possible.

Best regards",Relevant,Account
"Greetings,

Cannot log in. Please help resolve this issue as soon as possible.

Thank you",Relevant,Account
"Hi,

Account locked. Please help resolve this issue as soon as possible.

Sincerely",Relevant,Account
"Good day,

Two-factor login issue. Please help resolve this issue as soon as possible.

Thank you",Relevant,Account
"Greetings,

Need to update email. Please help resolve this issue as soon as possible.

Best regards",Relevant,Account
"Good day,

Password reset email missing. Please help resolve this issue as soon as possible.

Regards",Relevant,Account
"Good day,

Two-factor login issue. Please help resolve this issue as soon as possible.

Thank you",Relevant,Account
"Good day,

Cannot log in. Please help resolve this issue as soon as possible.

Sincerely",Relevant,Account
"Hello,

Account locked. Please help resolve this issue as soon as possible.

Thank you",Relevant,Account
"Greetings,

Password reset email missing. Please help resolve this issue as soon as possible.

Best regards",Relevant,Account
"Good day,

Cannot log in. Please help resolve this issue as soon as possible.

Best regards",Relevant,Account
"Hi,

Need to update email. Please help resolve this issue as soon as possible.

Thanks",Relevant,Account
"Hello,

Account locked. Please help resolve this issue as soon as possible.

Thank you",Relevant,Account
"Hi,

Password reset email missing. Please help resolve this issue as soon as possible.

Sincerely",Relevant,Account
"Dear Team,

Account locked. Please help resolve this issue as soon as possible.

Regards",Relevant,Account
"Dear Team,

Refund status inquiry. Please help resolve this issue as soon as possible.

Sincerely",Relevant,Refund
"Dear Team,

Refund status inquiry. Please help resolve this issue as soon as possible.

Thank you",Relevant,Refund
"Hi,

Duplicate purchase refund. Please help resolve this issue as soon as possible.

Thank you",Relevant,Refund
"Greetings,

Requesting refund. Please help resolve this issue as soon as possible.

Thanks",Relevant,Refund
"Hello,

Duplicate purchase refund. Please help resolve this issue as soon as possible.

Thanks",Relevant,Refund
"Hi,

Requesting refund. Please help resolve this issue as soon as possible.

Regards",Relevant,Refund
"Hi,

Wrong image purchased. Please help resolve this issue as soon as possible.

Best regards",Relevant,Refund
"Hello,

Wrong image purchased. Please help resolve this issue as soon as possible.

Regards",Relevant,Refund
"Hi,

Refund status inquiry. Please help resolve this issue as soon as possible.

Best regards",Relevant,Refund
"Good day,

Wrong image purchased. Please help resolve this issue as soon as possible.

Sincerely",Relevant,Refund
"Hello,

Duplicate purchase refund. Please help resolve this issue as soon as possible.

Best regards",Relevant,Refund
"Hi,

Cancel recent order. Please help resolve this issue as soon as possible.

Regards",Relevant,Refund
"Hi,

Duplicate purchase refund. Please help resolve this issue as soon as possible.

Best regards",Relevant,Refund
"Dear Team,

Requesting refund. Please help resolve this issue as soon as possible.

Best regards",Relevant,Refund
"Good day,

Refund status inquiry. Please help resolve this issue as soon as possible.

Regards",Relevant,Refund
"Greetings,

Requesting refund. Please help resolve this issue as soon as possible.

Regards",Relevant,Refund
"Dear Team,

Requesting refund. Please help resolve this issue as soon as possible.

Best regards",Relevant,Refund
"Greetings,

Requesting refund. Please help resolve this issue as soon as possible.

Thanks",Relevant,Refund
"Greetings,

Duplicate purchase refund. Please help resolve this issue as soon as possible.

Thank you",Relevant,Refund
"Hi,

Duplicate purchase refund. Please help resolve this issue as soon as possible.

Best regards",Relevant,Refund
"Hi,

Duplicate purchase refund. Please help resolve this issue as soon as possible.

Thank you",Relevant,Refund
"Hi,

Refund status inquiry. Please help resolve this issue as soon as possible.

Thank you",Relevant,Refund
"Good day,

Duplicate purchase refund. Please help resolve this issue as soon as possible.

Regards",Relevant,Refund
"Hello,

Refund status inquiry. Please help resolve this issue as soon as possible.

Best regards",Relevant,Refund
"Greetings,

Duplicate purchase refund. Please help resolve this issue as soon as possible.

Best regards",Relevant,Refund
"Good day,

Refund status inquiry. Please help resolve this issue as soon as possible.

Thank you",Relevant,Refund
"Dear Team,

Cancel recent order. Please help resolve this issue as soon as possible.

Sincerely",Relevant,Refund
"Hi,

Wrong image purchased. Please help resolve this issue as soon as possible.

Sincerely",Relevant,Refund
"Hello,

Refund status inquiry. Please help resolve this issue as soon as possible.

Thank you",Relevant,Refund
"Greetings,

Cancel recent order. Please help resolve this issue as soon as possible.

Thank you",Relevant,Refund
"Hi,

Duplicate purchase refund. Please help resolve this issue as soon as possible.

Thank you",Relevant,Refund
"Hello,

Duplicate purchase refund. Please help resolve this issue as soon as possible.

Thank you",Relevant,Refund
"Dear Team,

Wrong image purchased. Please help resolve this issue as soon as possible.

Sincerely",Relevant,Refund
"Dear Team,

Duplicate purchase refund. Please help resolve this issue as soon as possible.

Best regards",Relevant,Refund
"Greetings,

Duplicate purchase refund. Please help resolve this issue as soon as possible.

Thanks",Relevant,Refund
"Hello,

Cancel recent order. Please help resolve this issue as soon as possible.

Thanks",Relevant,Refund
"Good day,

Wrong image purchased. Please help resolve this issue as soon as possible.

Thank you",Relevant,Refund
"Hello,

Cancel recent order. Please help resolve this issue as soon as possible.

Thank you",Relevant,Refund
"Good day,

Refund status inquiry. Please help resolve this issue as soon as possible.

Thanks",Relevant,Refund
"Dear Team,

Requesting refund. Please help resolve this issue as soon as possible.

Regards",Relevant,Refund
"Hello,

Refund status inquiry. Please help resolve this issue as soon as possible.

Sincerely",Relevant,Refund
"Dear Team,

Cancel recent order. Please help resolve this issue as soon as possible.

Thank you",Relevant,Refund
"Greetings,

Prize waiting. Limited time offer. Click now!

Sincerely",Not Relevant,Lottery
"Greetings,

Collect your jackpot. Limited time offer. Click now!

Sincerely",Not Relevant,Lottery
"Good day,

Lucky winner selected. Limited time offer. Click now!

Sincerely",Not Relevant,Lottery
"Dear Team,

Lucky winner selected. Limited time offer. Click now!

Regards",Not Relevant,Lottery
"Hello,

You won a lottery. Limited time offer. Click now!

Sincerely",Not Relevant,Lottery
"Greetings,

You won a lottery. Limited time offer. Click now!

Regards",Not Relevant,Lottery
"Hello,

Claim your prize. Limited time offer. Click now!

Thank you",Not Relevant,Lottery
"Greetings,

Lucky winner selected. Limited time offer. Click now!

Best regards",Not Relevant,Lottery
"Dear Team,

Prize waiting. Limited time offer. Click now!

Thanks",Not Relevant,Lottery
"Dear Team,

Claim your prize. Limited time offer. Click now!

Regards",Not Relevant,Lottery
"Hello,

Lucky winner selected. Limited time offer. Click now!

Sincerely",Not Relevant,Lottery
"Greetings,

You won a lottery. Limited time offer. Click now!

Regards",Not Relevant,Lottery
"Hi,

Lucky winner selected. Limited time offer. Click now!

Thanks",Not Relevant,Lottery
"Dear Team,

Prize waiting. Limited time offer. Click now!

Regards",Not Relevant,Lottery
"Hi,

Collect your jackpot. Limited time offer. Click now!

Thanks",Not Relevant,Lottery
"Dear Team,

Prize waiting. Limited time offer. Click now!

Thank you",Not Relevant,Lottery
"Good day,

Collect your jackpot. Limited time offer. Click now!

Sincerely",Not Relevant,Lottery
"Hi,

Claim your prize. Limited time offer. Click now!

Sincerely",Not Relevant,Lottery
"Hi,

Collect your jackpot. Limited time offer. Click now!

Thanks",Not Relevant,Lottery
"Good day,

Collect your jackpot. Limited time offer. Click now!

Thanks",Not Relevant,Lottery
"Hi,

Prize waiting. Limited time offer. Click now!

Regards",Not Relevant,Lottery
"Greetings,

Claim your prize. Limited time offer. Click now!

Sincerely",Not Relevant,Lottery
"Hello,

You won a lottery. Limited time offer. Click now!

Thanks",Not Relevant,Lottery
"Good day,

Prize waiting. Limited time offer. Click now!

Best regards",Not Relevant,Lottery
"Greetings,

Prize waiting. Limited time offer. Click now!

Regards",Not Relevant,Lottery
"Good day,

Prize waiting. Limited time offer. Click now!

Thank you",Not Relevant,Lottery
"Dear Team,

Collect your jackpot. Limited time offer. Click now!

Best regards",Not Relevant,Lottery
"Dear Team,

Collect your jackpot. Limited time offer. Click now!

Best regards",Not Relevant,Lottery
"Hi,

Prize waiting. Limited time offer. Click now!

Best regards",Not Relevant,Lottery
"Hello,

You won a lottery. Limited time offer. Click now!

Regards",Not Relevant,Lottery
"Hi,

Lucky winner selected. Limited time offer. Click now!

Regards",Not Relevant,Lottery
"Hello,

Claim your prize. Limited time offer. Click now!

Best regards",Not Relevant,Lottery
"Hello,

You won a lottery. Limited time offer. Click now!

Thanks",Not Relevant,Lottery
"Good day,

Collect your jackpot. Limited time offer. Click now!

Best regards",Not Relevant,Lottery
"Dear Team,

Collect your jackpot. Limited time offer. Click now!

Thanks",Not Relevant,Lottery
"Dear Team,

Claim your prize. Limited time offer. Click now!

Sincerely",Not Relevant,Lottery
"Hi,

Collect your jackpot. Limited time offer. Click now!

Regards",Not Relevant,Lottery
"Greetings,

Lucky winner selected. Limited time offer. Click now!

Regards",Not Relevant,Lottery
"Hi,

Collect your jackpot. Limited time offer. Click now!

Best regards",Not Relevant,Lottery
"Hello,

Claim your prize. Limited time offer. Click now!

Sincerely",Not Relevant,Lottery
"Hi,

Claim your prize. Limited time offer. Click now!

Thanks",Not Relevant,Lottery
"Dear Team,

Claim your prize. Limited time offer. Click now!

Best regards",Not Relevant,Lottery
"Dear Team,

Water leak service. Limited time offer. Click now!

Thank you",Not Relevant,Plumbing
"Good day,

Learn plumbing. Limited time offer. Click now!

Sincerely",Not Relevant,Plumbing
"Dear Team,

Drain cleaning offer. Limited time offer. Click now!

Best regards",Not Relevant,Plumbing
"Good day,

Water leak service. Limited time offer. Click now!

Thank you",Not Relevant,Plumbing
"Greetings,

Learn plumbing. Limited time offer. Click now!

Thanks",Not Relevant,Plumbing
"Dear Team,

Drain cleaning offer. Limited time offer. Click now!

Best regards",Not Relevant,Plumbing
"Hi,

Plumbing certification. Limited time offer. Click now!

Thanks",Not Relevant,Plumbing
"Greetings,

Pipe repair service. Limited time offer. Click now!

Best regards",Not Relevant,Plumbing
"Dear Team,

Learn plumbing. Limited time offer. Click now!

Best regards",Not Relevant,Plumbing
"Hello,

Learn plumbing. Limited time offer. Click now!

Thank you",Not Relevant,Plumbing
"Good day,

Water leak service. Limited time offer. Click now!

Sincerely",Not Relevant,Plumbing
"Greetings,

Pipe repair service. Limited time offer. Click now!

Thank you",Not Relevant,Plumbing
"Hi,

Drain cleaning offer. Limited time offer. Click now!

Thank you",Not Relevant,Plumbing
"Good day,

Plumbing certification. Limited time offer. Click now!

Sincerely",Not Relevant,Plumbing
"Hi,

Plumbing certification. Limited time offer. Click now!

Regards",Not Relevant,Plumbing
"Good day,

Plumbing certification. Limited time offer. Click now!

Thank you",Not Relevant,Plumbing
"Good day,

Plumbing certification. Limited time offer. Click now!

Best regards",Not Relevant,Plumbing
"Good day,

Learn plumbing. Limited time offer. Click now!

Thanks",Not Relevant,Plumbing
"Dear Team,

Plumbing certification. Limited time offer. Click now!

Sincerely",Not Relevant,Plumbing
"Good day,

Learn plumbing. Limited time offer. Click now!

Best regards",Not Relevant,Plumbing
"Greetings,

Learn plumbing. Limited time offer. Click now!

Thank you",Not Relevant,Plumbing
"Hi,

Drain cleaning offer. Limited time offer. Click now!

Regards",Not Relevant,Plumbing
"Dear Team,

Water leak service. Limited time offer. Click now!

Best regards",Not Relevant,Plumbing
"Good day,

Drain cleaning offer. Limited time offer. Click now!

Thanks",Not Relevant,Plumbing
"Dear Team,

Pipe repair service. Limited time offer. Click now!

Best regards",Not Relevant,Plumbing
"Dear Team,

Pipe repair service. Limited time offer. Click now!

Thank you",Not Relevant,Plumbing
"Hi,

Drain cleaning offer. Limited time offer. Click now!

Thanks",Not Relevant,Plumbing
"Hello,

Water leak service. Limited time offer. Click now!

Regards",Not Relevant,Plumbing
"Greetings,

Plumbing certification. Limited time offer. Click now!

Thanks",Not Relevant,Plumbing
"Good day,

Water leak service. Limited time offer. Click now!

Thanks",Not Relevant,Plumbing
"Hi,

Pipe repair service. Limited time offer. Click now!

Thank you",Not Relevant,Plumbing
"Hello,

Learn plumbing. Limited time offer. Click now!

Thank you",Not Relevant,Plumbing
"Greetings,

Plumbing certification. Limited time offer. Click now!

Sincerely",Not Relevant,Plumbing
"Good day,

Drain cleaning offer. Limited time offer. Click now!

Thank you",Not Relevant,Plumbing
"Good day,

Pipe repair service. Limited time offer. Click now!

Best regards",Not Relevant,Plumbing
"Good day,

Pipe repair service. Limited time offer. Click now!

Regards",Not Relevant,Plumbing
"Greetings,

Water leak service. Limited time offer. Click now!

Regards",Not Relevant,Plumbing
"Dear Team,

Learn plumbing. Limited time offer. Click now!

Thank you",Not Relevant,Plumbing
"Greetings,

Plumbing certification. Limited time offer. Click now!

Sincerely",Not Relevant,Plumbing
"Dear Team,

Learn plumbing. Limited time offer. Click now!

Sincerely",Not Relevant,Plumbing
"Greetings,

Water leak service. Limited time offer. Click now!

Thank you",Not Relevant,Plumbing
"Good day,

Pipe repair service. Limited time offer. Click now!

Best regards",Not Relevant,Plumbing
"Dear Team,

Book your vacation. Limited time offer. Click now!

Sincerely",Not Relevant,Travel
"Greetings,

Travel insurance. Limited time offer. Click now!

Thank you",Not Relevant,Travel
"Dear Team,

Book your vacation. Limited time offer. Click now!

Regards",Not Relevant,Travel
"Greetings,

Cheap flights. Limited time offer. Click now!

Thank you",Not Relevant,Travel
"Good day,

Cheap flights. Limited time offer. Click now!

Thanks",Not Relevant,Travel
"Good day,

Beach resort offer. Limited time offer. Click now!

Thank you",Not Relevant,Travel
"Hello,

Book your vacation. Limited time offer. Click now!

Thank you",Not Relevant,Travel
"Hello,

Dubai holiday package. Limited time offer. Click now!

Best regards",Not Relevant,Travel
"Dear Team,

Travel insurance. Limited time offer. Click now!

Thanks",Not Relevant,Travel
"Hi,

Book your vacation. Limited time offer. Click now!

Best regards",Not Relevant,Travel
"Hi,

Book your vacation. Limited time offer. Click now!

Regards",Not Relevant,Travel
"Hello,

Book your vacation. Limited time offer. Click now!

Thanks",Not Relevant,Travel
"Dear Team,

Book your vacation. Limited time offer. Click now!

Sincerely",Not Relevant,Travel
"Good day,

Travel insurance. Limited time offer. Click now!

Thanks",Not Relevant,Travel
"Greetings,

Beach resort offer. Limited time offer. Click now!

Thank you",Not Relevant,Travel
"Good day,

Beach resort offer. Limited time offer. Click now!

Best regards",Not Relevant,Travel
"Greetings,

Dubai holiday package. Limited time offer. Click now!

Thanks",Not Relevant,Travel
"Dear Team,

Cheap flights. Limited time offer. Click now!

Regards",Not Relevant,Travel
"Good day,

Dubai holiday package. Limited time offer. Click now!

Thanks",Not Relevant,Travel
"Good day,

Dubai holiday package. Limited time offer. Click now!

Regards",Not Relevant,Travel
"Hi,

Beach resort offer. Limited time offer. Click now!

Thanks",Not Relevant,Travel
"Hi,

Beach resort offer. Limited time offer. Click now!

Sincerely",Not Relevant,Travel
"Dear Team,

Beach resort offer. Limited time offer. Click now!

Thank you",Not Relevant,Travel
"Hello,

Cheap flights. Limited time offer. Click now!

Best regards",Not Relevant,Travel
"Greetings,

Book your vacation. Limited time offer. Click now!

Regards",Not Relevant,Travel
"Hello,

Cheap flights. Limited time offer. Click now!

Thanks",Not Relevant,Travel
"Good day,

Travel insurance. Limited time offer. Click now!

Best regards",Not Relevant,Travel
"Good day,

Cheap flights. Limited time offer. Click now!

Best regards",Not Relevant,Travel
"Hello,

Cheap flights. Limited time offer. Click now!

Thank you",Not Relevant,Travel
"Good day,

Beach resort offer. Limited time offer. Click now!

Sincerely",Not Relevant,Travel
"Good day,

Dubai holiday package. Limited time offer. Click now!

Sincerely",Not Relevant,Travel
"Hello,

Travel insurance. Limited time offer. Click now!

Thanks",Not Relevant,Travel
"Dear Team,

Book your vacation. Limited time offer. Click now!

Best regards",Not Relevant,Travel
"Good day,

Beach resort offer. Limited time offer. Click now!

Sincerely",Not Relevant,Travel
"Dear Team,

Book your vacation. Limited time offer. Click now!

Regards",Not Relevant,Travel
"Good day,

Book your vacation. Limited time offer. Click now!

Thanks",Not Relevant,Travel
"Good day,

Cheap flights. Limited time offer. Click now!

Best regards",Not Relevant,Travel
"Greetings,

Beach resort offer. Limited time offer. Click now!

Sincerely",Not Relevant,Travel
"Hi,

Beach resort offer. Limited time offer. Click now!

Thank you",Not Relevant,Travel
"Hi,

Beach resort offer. Limited time offer. Click now!

Best regards",Not Relevant,Travel
"Greetings,

Dubai holiday package. Limited time offer. Click now!

Thank you",Not Relevant,Travel
"Hello,

Beach resort offer. Limited time offer. Click now!

Best regards",Not Relevant,Travel
"Hello,

Blockchain seminar. Limited time offer. Click now!

Regards",Not Relevant,Crypto
"Dear Team,

NFT opportunity. Limited time offer. Click now!

Regards",Not Relevant,Crypto
"Hi,

Buy Bitcoin. Limited time offer. Click now!

Sincerely",Not Relevant,Crypto
"Hi,

Double your money. Limited time offer. Click now!

Best regards",Not Relevant,Crypto
"Hello,

Blockchain seminar. Limited time offer. Click now!

Thanks",Not Relevant,Crypto
"Dear Team,

Blockchain seminar. Limited time offer. Click now!

Thank you",Not Relevant,Crypto
"Hello,

Crypto investment. Limited time offer. Click now!

Regards",Not Relevant,Crypto
"Dear Team,

NFT opportunity. Limited time offer. Click now!

Best regards",Not Relevant,Crypto
"Dear Team,

NFT opportunity. Limited time offer. Click now!

Regards",Not Relevant,Crypto
"Good day,

Blockchain seminar. Limited time offer. Click now!

Sincerely",Not Relevant,Crypto
"Hi,

Blockchain seminar. Limited time offer. Click now!

Thank you",Not Relevant,Crypto
"Hello,

Buy Bitcoin. Limited time offer. Click now!

Regards",Not Relevant,Crypto
"Greetings,

Double your money. Limited time offer. Click now!

Sincerely",Not Relevant,Crypto
"Good day,

Buy Bitcoin. Limited time offer. Click now!

Thanks",Not Relevant,Crypto
"Greetings,

Blockchain seminar. Limited time offer. Click now!

Thanks",Not Relevant,Crypto
"Dear Team,

Double your money. Limited time offer. Click now!

Sincerely",Not Relevant,Crypto
"Good day,

NFT opportunity. Limited time offer. Click now!

Sincerely",Not Relevant,Crypto
"Hello,

Buy Bitcoin. Limited time offer. Click now!

Thank you",Not Relevant,Crypto
"Greetings,

Buy Bitcoin. Limited time offer. Click now!

Best regards",Not Relevant,Crypto
"Greetings,

Blockchain seminar. Limited time offer. Click now!

Regards",Not Relevant,Crypto
"Good day,

Buy Bitcoin. Limited time offer. Click now!

Sincerely",Not Relevant,Crypto
"Hi,

Double your money. Limited time offer. Click now!

Regards",Not Relevant,Crypto
"Hi,

Buy Bitcoin. Limited time offer. Click now!

Sincerely",Not Relevant,Crypto
"Hi,

Double your money. Limited time offer. Click now!

Thanks",Not Relevant,Crypto
"Greetings,

Crypto investment. Limited time offer. Click now!

Regards",Not Relevant,Crypto
"Good day,

Double your money. Limited time offer. Click now!

Sincerely",Not Relevant,Crypto
"Good day,

NFT opportunity. Limited time offer. Click now!

Best regards",Not Relevant,Crypto
"Good day,

Crypto investment. Limited time offer. Click now!

Thanks",Not Relevant,Crypto
"Greetings,

Double your money. Limited time offer. Click now!

Thank you",Not Relevant,Crypto
"Hi,

Blockchain seminar. Limited time offer. Click now!

Sincerely",Not Relevant,Crypto
"Good day,

Crypto investment. Limited time offer. Click now!

Thank you",Not Relevant,Crypto
"Dear Team,

Crypto investment. Limited time offer. Click now!

Thanks",Not Relevant,Crypto
"Greetings,

Blockchain seminar. Limited time offer. Click now!

Sincerely",Not Relevant,Crypto
"Good day,

Buy Bitcoin. Limited time offer. Click now!

Sincerely",Not Relevant,Crypto
"Hi,

Crypto investment. Limited time offer. Click now!

Thank you",Not Relevant,Crypto
"Hello,

Buy Bitcoin. Limited time offer. Click now!

Best regards",Not Relevant,Crypto
"Hi,

Buy Bitcoin. Limited time offer. Click now!

Sincerely",Not Relevant,Crypto
"Hello,

Crypto investment. Limited time offer. Click now!

Best regards",Not Relevant,Crypto
"Hi,

Crypto investment. Limited time offer. Click now!

Best regards",Not Relevant,Crypto
"Greetings,

Crypto investment. Limited time offer. Click now!

Regards",Not Relevant,Crypto
"Dear Team,

Crypto investment. Limited time offer. Click now!

Regards",Not Relevant,Crypto
"Hi,

NFT opportunity. Limited time offer. Click now!

Sincerely",Not Relevant,Crypto
"Hello,

Resume shortlisted. Limited time offer. Click now!

Best regards",Not Relevant,Jobs
"Hello,

Walk-in interview. Limited time offer. Click now!

Thanks",Not Relevant,Jobs
"Hello,

Software job opening. Limited time offer. Click now!

Thanks",Not Relevant,Jobs
"Hello,

Walk-in interview. Limited time offer. Click now!

Best regards",Not Relevant,Jobs
"Hi,

Walk-in interview. Limited time offer. Click now!

Regards",Not Relevant,Jobs
"Hi,

Walk-in interview. Limited time offer. Click now!

Regards",Not Relevant,Jobs
"Greetings,

Hiring immediately. Limited time offer. Click now!

Thanks",Not Relevant,Jobs
"Good day,

Software job opening. Limited time offer. Click now!

Thank you",Not Relevant,Jobs
"Greetings,

Walk-in interview. Limited time offer. Click now!

Best regards",Not Relevant,Jobs
"Good day,

Software job opening. Limited time offer. Click now!

Best regards",Not Relevant,Jobs
"Greetings,

Resume shortlisted. Limited time offer. Click now!

Thanks",Not Relevant,Jobs
"Dear Team,

Career fair. Limited time offer. Click now!

Thank you",Not Relevant,Jobs
"Hi,

Software job opening. Limited time offer. Click now!

Thank you",Not Relevant,Jobs
"Good day,

Hiring immediately. Limited time offer. Click now!

Thanks",Not Relevant,Jobs
"Good day,

Hiring immediately. Limited time offer. Click now!

Thanks",Not Relevant,Jobs
"Dear Team,

Software job opening. Limited time offer. Click now!

Best regards",Not Relevant,Jobs
"Hi,

Resume shortlisted. Limited time offer. Click now!

Regards",Not Relevant,Jobs
"Greetings,

Walk-in interview. Limited time offer. Click now!

Best regards",Not Relevant,Jobs
"Dear Team,

Career fair. Limited time offer. Click now!

Thank you",Not Relevant,Jobs
"Greetings,

Career fair. Limited time offer. Click now!

Sincerely",Not Relevant,Jobs
"Greetings,

Hiring immediately. Limited time offer. Click now!

Best regards",Not Relevant,Jobs
"Hi,

Hiring immediately. Limited time offer. Click now!

Thanks",Not Relevant,Jobs
"Hello,

Career fair. Limited time offer. Click now!

Thank you",Not Relevant,Jobs
"Hello,

Hiring immediately. Limited time offer. Click now!

Thank you",Not Relevant,Jobs
"Good day,

Walk-in interview. Limited time offer. Click now!

Thank you",Not Relevant,Jobs
"Hi,

Hiring immediately. Limited time offer. Click now!

Sincerely",Not Relevant,Jobs
"Dear Team,

Hiring immediately. Limited time offer. Click now!

Sincerely",Not Relevant,Jobs
"Hello,

Walk-in interview. Limited time offer. Click now!

Thank you",Not Relevant,Jobs
"Hi,

Software job opening. Limited time offer. Click now!

Thanks",Not Relevant,Jobs
"Good day,

Software job opening. Limited time offer. Click now!

Thanks",Not Relevant,Jobs
"Hello,

Walk-in interview. Limited time offer. Click now!

Best regards",Not Relevant,Jobs
"Greetings,

Software job opening. Limited time offer. Click now!

Best regards",Not Relevant,Jobs
"Dear Team,

Career fair. Limited time offer. Click now!

Thanks",Not Relevant,Jobs
"Dear Team,

Hiring immediately. Limited time offer. Click now!

Thank you",Not Relevant,Jobs
"Dear Team,

Software job opening. Limited time offer. Click now!

Best regards",Not Relevant,Jobs
"Dear Team,

Walk-in interview. Limited time offer. Click now!

Thanks",Not Relevant,Jobs
"Greetings,

Career fair. Limited time offer. Click now!

Regards",Not Relevant,Jobs
"Good day,

Resume shortlisted. Limited time offer. Click now!

Regards",Not Relevant,Jobs
"Dear Team,

Software job opening. Limited time offer. Click now!

Best regards",Not Relevant,Jobs
"Hi,

Walk-in interview. Limited time offer. Click now!

Sincerely",Not Relevant,Jobs
"Hello,

Career fair. Limited time offer. Click now!

Thank you",Not Relevant,Jobs
"Greetings,

Career fair. Limited time offer. Click now!

Best regards",Not Relevant,Jobs
"Hi,

Premium discount. Limited time offer. Click now!

Best regards",Not Relevant,Insurance
"Hi,

Health policy. Limited time offer. Click now!

Regards",Not Relevant,Insurance
"Dear Team,

Health policy. Limited time offer. Click now!

Sincerely",Not Relevant,Insurance
"Hi,

Health policy. Limited time offer. Click now!

Regards",Not Relevant,Insurance
"Greetings,

Life insurance. Limited time offer. Click now!

Thank you",Not Relevant,Insurance
"Hello,

Car insurance. Limited time offer. Click now!

Thanks",Not Relevant,Insurance
"Greetings,

Car insurance. Limited time offer. Click now!

Regards",Not Relevant,Insurance
"Good day,

Insurance renewal. Limited time offer. Click now!

Thank you",Not Relevant,Insurance
"Hello,

Health policy. Limited time offer. Click now!

Sincerely",Not Relevant,Insurance
"Dear Team,

Health policy. Limited time offer. Click now!

Best regards",Not Relevant,Insurance
"Hi,

Premium discount. Limited time offer. Click now!

Thanks",Not Relevant,Insurance
"Hello,

Life insurance. Limited time offer. Click now!

Best regards",Not Relevant,Insurance
"Hi,

Car insurance. Limited time offer. Click now!

Sincerely",Not Relevant,Insurance
"Good day,

Insurance renewal. Limited time offer. Click now!

Thank you",Not Relevant,Insurance
"Good day,

Premium discount. Limited time offer. Click now!

Thank you",Not Relevant,Insurance
"Hello,

Health policy. Limited time offer. Click now!

Best regards",Not Relevant,Insurance
"Dear Team,

Car insurance. Limited time offer. Click now!

Thank you",Not Relevant,Insurance
"Dear Team,

Car insurance. Limited time offer. Click now!

Best regards",Not Relevant,Insurance
"Greetings,

Insurance renewal. Limited time offer. Click now!

Sincerely",Not Relevant,Insurance
"Hello,

Car insurance. Limited time offer. Click now!

Thank you",Not Relevant,Insurance
"Hi,

Premium discount. Limited time offer. Click now!

Thanks",Not Relevant,Insurance
"Dear Team,

Life insurance. Limited time offer. Click now!

Regards",Not Relevant,Insurance
"Dear Team,

Life insurance. Limited time offer. Click now!

Sincerely",Not Relevant,Insurance
"Hi,

Health policy. Limited time offer. Click now!

Thanks",Not Relevant,Insurance
"Good day,

Insurance renewal. Limited time offer. Click now!

Regards",Not Relevant,Insurance
"Good day,

Life insurance. Limited time offer. Click now!

Best regards",Not Relevant,Insurance
"Greetings,

Life insurance. Limited time offer. Click now!

Best regards",Not Relevant,Insurance
"Hi,

Health policy. Limited time offer. Click now!

Thank you",Not Relevant,Insurance
"Good day,

Car insurance. Limited time offer. Click now!

Thanks",Not Relevant,Insurance
"Hi,

Insurance renewal. Limited time offer. Click now!

Sincerely",Not Relevant,Insurance
"Good day,

Premium discount. Limited time offer. Click now!

Best regards",Not Relevant,Insurance
"Good day,

Insurance renewal. Limited time offer. Click now!

Sincerely",Not Relevant,Insurance
"Good day,

Car insurance. Limited time offer. Click now!

Thanks",Not Relevant,Insurance
"Hello,

Health policy. Limited time offer. Click now!

Best regards",Not Relevant,Insurance
"Dear Team,

Insurance renewal. Limited time offer. Click now!

Thanks",Not Relevant,Insurance
"Hi,

Insurance renewal. Limited time offer. Click now!

Regards",Not Relevant,Insurance
"Greetings,

Insurance renewal. Limited time offer. Click now!

Thank you",Not Relevant,Insurance
"Hi,

Premium discount. Limited time offer. Click now!

Thank you",Not Relevant,Insurance
